-- phpMyAdmin SQL Dump
-- version 4.0.4.1
-- http://www.phpmyadmin.net
--
-- ä¸»æœº: 127.0.0.1
-- ç”Ÿæˆæ—¥æœŸ: 2016 å¹?01 æœ?07 æ—?08:32
-- æœåŠ¡å™¨ç‰ˆæœ¬: 5.6.11
-- PHP ç‰ˆæœ¬: 5.5.1

SET SQL_MODE = "NO_AUTO_VALUE_ON_ZERO";
SET time_zone = "+00:00";


/*!40101 SET @OLD_CHARACTER_SET_CLIENT=@@CHARACTER_SET_CLIENT */;
/*!40101 SET @OLD_CHARACTER_SET_RESULTS=@@CHARACTER_SET_RESULTS */;
/*!40101 SET @OLD_COLLATION_CONNECTION=@@COLLATION_CONNECTION */;
/*!40101 SET NAMES utf8 */;

--
-- æ•°æ®åº“: `design`
--
CREATE DATABASE IF NOT EXISTS `design` DEFAULT CHARACTER SET latin1 COLLATE latin1_swedish_ci;
USE `design`;

-- --------------------------------------------------------

--
-- è¡¨çš„ç»“æ„ `application`
--

CREATE TABLE IF NOT EXISTS `application` (
  `Sq_id` int(8) NOT NULL AUTO_INCREMENT,
  `Sq_bm` varchar(20) NOT NULL,
  `Sq_user` varchar(8) NOT NULL,
  `Sq_rq` date NOT NULL,
  `Sq_ly` varchar(100) NOT NULL,
  `Sq_je` float NOT NULL,
  `Sq_sp` int(3) NOT NULL,
  PRIMARY KEY (`Sq_id`)
) ENGINE=InnoDB  DEFAULT CHARSET=utf8 AUTO_INCREMENT=13 ;

--
-- è½¬å­˜è¡¨ä¸­çš„æ•°æ® `application`
--

INSERT INTO `application` (`Sq_id`, `Sq_bm`, `Sq_user`, `Sq_rq`, `Sq_ly`, `Sq_je`, `Sq_sp`) VALUES
(8, 'å®¢æˆ¿éƒ¨', 'é»„æ³½é’¦', '2016-01-06', 'æ‰“ç®—å°±åˆ†å¼€äº†', 4, 1),
(9, 'å®¢æˆ¿éƒ¨', 'é»„æ³½é’¦', '2016-01-06', 'ç¼ºé’±', 1000, 2),
(10, 'è´¢åŠ¡éƒ¨', 'é™ˆæ¸¤', '2016-01-06', 'ä¹°ä¸œè¥¿ï¼ï¼ï¼', 50, 2),
(11, 'é¤é¥®éƒ¨', 'æ—ä½³é’¦', '2016-01-06', 'æ²¡é’±ï¼ï¼ï¼', 50, 2),
(12, 'è´¢åŠ¡éƒ¨', 'chenbo', '2016-01-07', 'ç¼ºé’±', 100, 0);

-- --------------------------------------------------------

--
-- è¡¨çš„ç»“æ„ `buy`
--

CREATE TABLE IF NOT EXISTS `buy` (
  `Buy_id` int(11) NOT NULL,
  `Buy_foodid` int(11) NOT NULL,
  ` Buy_sum` int(11) NOT NULL
) ENGINE=InnoDB DEFAULT CHARSET=utf8;

--
-- è½¬å­˜è¡¨ä¸­çš„æ•°æ® `buy`
--

INSERT INTO `buy` (`Buy_id`, `Buy_foodid`, ` Buy_sum`) VALUES
(1, 1, 1),
(1, 3, 1),
(2, 6, 1),
(2, 7, 4),
(3, 6, 1),
(3, 7, 4),
(4, 6, 1),
(4, 7, 4),
(5, 1, 1),
(5, 2, 1),
(6, 1, 2),
(6, 3, 1),
(7, 1, 1),
(7, 4, 2),
(8, 1, 1),
(8, 1, 1),
(8, 2, 1),
(9, 2, 1),
(10, 2, 1),
(11, 2, 1),
(8, 3, 1),
(9, 3, 1),
(10, 4, 1),
(11, 5, 1),
(12, 2, 1),
(13, 3, 1),
(14, 2, 1),
(15, 5, 1),
(16, 3, 1),
(17, 3, 1),
(18, 3, 1),
(18, 4, 1),
(18, 7, 3),
(19, 6, 1),
(19, 11, 1),
(20, 11, 3),
(21, 11, 3),
(22, 3, 1),
(22, 10, 1),
(23, 3, 1),
(23, 10, 1),
(24, 2, 2),
(25, 2, 2),
(26, 2, 5),
(27, 1, 1),
(28, 6, 1),
(29, 2, 1),
(30, 2, 1),
(31, 12, 1),
(32, 6, 1),
(32, 12, 2);

-- --------------------------------------------------------

--
-- è¡¨çš„ç»“æ„ `customer`
--

CREATE TABLE IF NOT EXISTS `customer` (
  ` Customer_address` varchar(30) NOT NULL,
  `Customer_phone` varchar(30) NOT NULL
) ENGINE=InnoDB DEFAULT CHARSET=utf8;

--
-- è½¬å­˜è¡¨ä¸­çš„æ•°æ® `customer`
--

INSERT INTO `customer` (` Customer_address`, `Customer_phone`) VALUES
('??', '1234'),
('ä»½é¥­', '1111');

-- --------------------------------------------------------

--
-- è¡¨çš„ç»“æ„ `daycount`
--

CREATE TABLE IF NOT EXISTS `daycount` (
  `Rjs_rq` date NOT NULL,
  `Rjs_bm` varchar(20) NOT NULL,
  `Rjs_zc` float NOT NULL,
  `Rjs_sr` float NOT NULL,
  PRIMARY KEY (`Rjs_rq`,`Rjs_bm`)
) ENGINE=InnoDB DEFAULT CHARSET=utf8;

--
-- è½¬å­˜è¡¨ä¸­çš„æ•°æ® `daycount`
--

INSERT INTO `daycount` (`Rjs_rq`, `Rjs_bm`, `Rjs_zc`, `Rjs_sr`) VALUES
('2015-12-27', 'é¤é¥®éƒ¨', 12, 1234),
('2016-01-04', 'åå‹¤éƒ¨', 15, 42),
('2016-01-04', 'å®¢æˆ¿éƒ¨', 214, 15),
('2016-01-04', 'é¤é¥®éƒ¨', 15, 1200),
('2016-01-22', 'é¤é¥®éƒ¨', 112, 41),
('2016-01-28', 'è´¢åŠ¡éƒ¨', 123, 213),
('2016-01-30', 'é¤é¥®éƒ¨', 124, 32),
('2016-02-02', 'é¤é¥®éƒ¨', 324, 324),
('2016-04-10', 'é¤é¥®éƒ¨', 21, 21),
('2016-04-22', 'é¤é¥®éƒ¨', 13, 123),
('2016-05-11', 'è´¢åŠ¡éƒ¨', 100, 123);

-- --------------------------------------------------------

--
-- è¡¨çš„ç»“æ„ `employee`
--

CREATE TABLE IF NOT EXISTS `employee` (
  `account` varchar(255) CHARACTER SET utf8 NOT NULL,
  `password` varchar(20) CHARACTER SET utf8 NOT NULL,
  `name` varchar(50) CHARACTER SET utf8 NOT NULL,
  `sex` varchar(20) CHARACTER SET utf8 NOT NULL,
  `birth` date NOT NULL,
  `date` date NOT NULL,
  `dep` varchar(20) CHARACTER SET utf8 NOT NULL,
  `job` varchar(50) CHARACTER SET utf8 NOT NULL,
  `card` varchar(20) CHARACTER SET utf8 NOT NULL,
  `email` varchar(50) CHARACTER SET utf8 NOT NULL,
  `phone` bigint(20) NOT NULL,
  `salary` double NOT NULL,
  PRIMARY KEY (`account`)
) ENGINE=InnoDB DEFAULT CHARSET=latin1;

--
-- è½¬å­˜è¡¨ä¸­çš„æ•°æ® `employee`
--

INSERT INTO `employee` (`account`, `password`, `name`, `sex`, `birth`, `date`, `dep`, `job`, `card`, `email`, `phone`, `salary`) VALUES
('chenbo', '123456', 'é™ˆæ¸¤', '1', '2003-01-14', '2016-01-01', 'è´¢åŠ¡éƒ¨', 'ç»ç†', '116554651654', 'chenbo@qq.com', 1881945516, 8000),
('linjiaqin', '123', 'æ—ä½³é’¦', '1', '2015-11-18', '2016-01-02', 'é¤é¥®éƒ¨', 'å­¦ç”Ÿ', '123456789', '123456789@qq.com', 123456789, 8000),
('é™ˆæ¸¤', '123456', 'é™ˆæ¸¤', '1', '2016-01-23', '2016-01-31', 'åå‹¤éƒ¨', 'ç»ç†', '156654631', '16654134@qq.com', 188984126, 8000),
('é»„æ³½é’¦', '123456', 'é»„æ³½é’¦', '1', '2016-01-01', '2016-01-02', 'å®¢æˆ¿éƒ¨', 'ç»ç†', '2147483647', '1111111', 1111111, 8000),
('é»„çš“', '123456', 'é»„çš“', '1', '2016-01-16', '2016-01-01', 'å®¢æˆ¿éƒ¨', '1', '11', '123456789@qq.com', 1881945516, 0);

-- --------------------------------------------------------

--
-- è¡¨çš„ç»“æ„ `item`
--

CREATE TABLE IF NOT EXISTS `item` (
  `Item_id` int(8) NOT NULL AUTO_INCREMENT,
  `Item_name` varchar(20) NOT NULL,
  `Item_price` float NOT NULL,
  `Item_size` varchar(20) NOT NULL,
  `Item_validity` date NOT NULL,
  `Item_count` int(5) NOT NULL,
  `Item_min_count` int(5) NOT NULL,
  `Item_unit` varchar(8) NOT NULL,
  `Item_place` varchar(20) NOT NULL,
  `Supplier_id` int(8) NOT NULL,
  PRIMARY KEY (`Item_id`),
  UNIQUE KEY `Item_name` (`Item_name`),
  UNIQUE KEY `Item_name_2` (`Item_name`),
  KEY `Supplier_id` (`Supplier_id`)
) ENGINE=InnoDB  DEFAULT CHARSET=utf8 AUTO_INCREMENT=46 ;

--
-- è½¬å­˜è¡¨ä¸­çš„æ•°æ® `item`
--

INSERT INTO `item` (`Item_id`, `Item_name`, `Item_price`, `Item_size`, `Item_validity`, `Item_count`, `Item_min_count`, `Item_unit`, `Item_place`, `Supplier_id`) VALUES
(39, 'è‹¹æœ', 8, 'çƒå½¢', '2016-01-20', 100, 20, 'ä¸ª', '1å·ä»“åº“', 25),
(40, 'çŒªè‚‰', 20, 'è‚‰é£Ÿ', '2016-01-09', 10, 8, 'æ–¤', '2å·ä»“åº“', 26),
(41, 'é’èœ', 5, 'æ†', '2016-01-08', 30, 15, 'æ–¤', '3å·ä»“åº“', 27),
(42, 'è¥¿ç“œ', 10, 'æ¤­çƒå½¢', '2016-01-21', 35, 8, 'ä¸ª', '1å·ä»“åº“', 28),
(43, 'æå­', 5.25, 'çƒå½¢', '2016-01-13', 115, 80, 'ä¸ª', '1å·ä»“åº“', 28),
(44, 'æ©™å­', 12, 'çƒå½¢', '2016-01-12', 92, 40, 'ä¸ª', '1å·ä»“åº“', 28),
(45, 'è™¾', 20, 'ç›†', '2016-01-09', 1, 20, 'ç›†', '2å·ä»“åº“', 25);

-- --------------------------------------------------------

--
-- è¡¨çš„ç»“æ„ `menu`
--

CREATE TABLE IF NOT EXISTS `menu` (
  `Food_id` int(11) NOT NULL AUTO_INCREMENT,
  `Food_name` varchar(30) DEFAULT NULL,
  `Food_price` int(11) DEFAULT NULL,
  `Food_type` int(11) DEFAULT NULL,
  `Food_pic` varchar(100) NOT NULL,
  PRIMARY KEY (`Food_id`)
) ENGINE=InnoDB  DEFAULT CHARSET=utf8 AUTO_INCREMENT=14 ;

--
-- è½¬å­˜è¡¨ä¸­çš„æ•°æ® `menu`
--

INSERT INTO `menu` (`Food_id`, `Food_name`, `Food_price`, `Food_type`, `Food_pic`) VALUES
(1, 'è™¾è‚‰', 60, 2, 'upload/u=1040067524,3894980005&fm=21&gp=0.jpg'),
(2, 'è‚¥ç¾Š', 30, 2, 'upload/u=2853358497,2209391622&fm=21&gp=0.jpg'),
(3, 'é›ªç¢§å¯ä¹å¥—è£…', 9, 3, 'upload/u=916656349,325603791&fm=21&gp=0.jpg'),
(4, 'ç»¿è±†æ±¤', 2, 4, 'upload/20130729163017-1760670793.jpg'),
(5, 'é¥ºå­', 8, 1, 'upload/u=3957164489,3160879508&fm=21&gp=0.jpg'),
(6, 'ç‰›è‚‰', 40, 2, 'upload/u=4000510344,3431881717&fm=21&gp=0.jpg'),
(7, 'è‹¹æœ', 3, 4, 'upload/u=398858595,1682610041&fm=21&gp=0.jpg'),
(9, 'æ°´æœæ²™æ‹‰', 400, 4, 'upload/1.jpg'),
(10, 'åœŸè±†', 45, 1, 'upload/u=359041754,485937713&fm=21&gp=0.jpg'),
(11, 'ç•ªèŒ„', 2, 2, 'upload/001fd04cec601691695825.jpg'),
(12, 'ä½æ¡£ç•ªèŒ„', 1, 1, 'upload/001fd04cec601691695825.jpg'),
(13, 'é«˜æ¡£ç•ªèŒ„', 5, 2, 'upload/001fd04cec601691695825.jpg');

-- --------------------------------------------------------

--
-- è¡¨çš„ç»“æ„ `monthcount`
--

CREATE TABLE IF NOT EXISTS `monthcount` (
  `Yjs_ny` varchar(10) NOT NULL,
  `Yjs_bm` varchar(20) NOT NULL,
  `Yjs_zc` float NOT NULL,
  `Yjs_sr` float NOT NULL,
  PRIMARY KEY (`Yjs_ny`,`Yjs_bm`)
) ENGINE=InnoDB DEFAULT CHARSET=utf8;

--
-- è½¬å­˜è¡¨ä¸­çš„æ•°æ® `monthcount`
--

INSERT INTO `monthcount` (`Yjs_ny`, `Yjs_bm`, `Yjs_zc`, `Yjs_sr`) VALUES
('2015-11', 'è´¢åŠ¡éƒ¨', 31, 12),
('2015-12', 'å®¢æˆ¿éƒ¨', 12, 1234),
('2015-12', 'è´¢åŠ¡éƒ¨', 21, 1212),
('2016-01', 'åå‹¤éƒ¨', 214, 800),
('2016-01', 'å®¢æˆ¿éƒ¨', 1234, 142),
('2016-02', 'åå‹¤éƒ¨', 124, 50),
('2016-02', 'å®¢æˆ¿éƒ¨', 1212, 1),
('2016-03', 'åå‹¤éƒ¨', 1215, 213),
('2016-04', 'è´¢åŠ¡éƒ¨', 1, 123),
('2016-04', 'é¤é¥®éƒ¨', 12, 12),
('2016-05', 'è´¢åŠ¡éƒ¨', 213, 213);

-- --------------------------------------------------------

--
-- è¡¨çš„ç»“æ„ `note_in`
--

CREATE TABLE IF NOT EXISTS `note_in` (
  `Note_in_id` int(8) NOT NULL AUTO_INCREMENT,
  `Item_id` int(8) NOT NULL,
  `Item_name` varchar(20) NOT NULL,
  `Item_num` int(5) NOT NULL,
  `Item_price` float NOT NULL,
  `Rental` float NOT NULL,
  `Time_in` varchar(15) NOT NULL,
  `Person_id` varchar(255) NOT NULL,
  PRIMARY KEY (`Note_in_id`),
  KEY `Item_id` (`Item_id`)
) ENGINE=InnoDB  DEFAULT CHARSET=utf8 AUTO_INCREMENT=75 ;

--
-- è½¬å­˜è¡¨ä¸­çš„æ•°æ® `note_in`
--

INSERT INTO `note_in` (`Note_in_id`, `Item_id`, `Item_name`, `Item_num`, `Item_price`, `Rental`, `Time_in`, `Person_id`) VALUES
(67, 43, 'æå­', 20, 10, 200, '2016-01-06', 'é™ˆæ¸¤'),
(68, 44, 'æ©™å­', 10, 8, 80, '2016-01-07', 'é™ˆæ¸¤'),
(69, 41, 'é’èœ', 10, 5, 50, '2016-01-07', 'é™ˆæ¸¤'),
(70, 39, 'è‹¹æœ', 50, 8, 400, '2016-01-07', 'é™ˆæ¸¤'),
(71, 39, 'è‹¹æœ', 40, 5, 200, '2016-01-06', 'é™ˆæ¸¤'),
(72, 42, 'è¥¿ç“œ', 30, 9, 270, '2016-01-07', 'é™ˆæ¸¤'),
(73, 45, 'è™¾', 5, 20, 100, '2016-01-07', 'é™ˆæ¸¤'),
(74, 44, 'æ©™å­', 32, 23, 736, '2016-01-07', 'é™ˆæ¸¤');

-- --------------------------------------------------------

--
-- è¡¨çš„ç»“æ„ `note_out`
--

CREATE TABLE IF NOT EXISTS `note_out` (
  `Note_out_id` int(8) NOT NULL AUTO_INCREMENT,
  `Item_id` int(8) NOT NULL,
  `Item_name` varchar(20) NOT NULL,
  `Item_num` int(5) NOT NULL,
  `Item_price` float NOT NULL,
  `Rental` float NOT NULL,
  `Time_out` varchar(15) NOT NULL,
  `Person_id` varchar(255) NOT NULL,
  PRIMARY KEY (`Note_out_id`),
  KEY `Item_id` (`Item_id`)
) ENGINE=InnoDB  DEFAULT CHARSET=utf8 AUTO_INCREMENT=25 ;

--
-- è½¬å­˜è¡¨ä¸­çš„æ•°æ® `note_out`
--

INSERT INTO `note_out` (`Note_out_id`, `Item_id`, `Item_name`, `Item_num`, `Item_price`, `Rental`, `Time_out`, `Person_id`) VALUES
(21, 43, 'æå­', 5, 8, 40, '2016-01-07', '1'),
(22, 39, 'è‹¹æœ', 20, 8, 160, '2016-01-07', '1'),
(23, 45, 'è™¾', 4, 20, 80, '2016-01-06', '1'),
(24, 42, 'è¥¿ç“œ', 5, 10, 50, '2016-01-07', '1');

-- --------------------------------------------------------

--
-- è¡¨çš„ç»“æ„ `order`
--

CREATE TABLE IF NOT EXISTS `order` (
  `order_id` int(255) NOT NULL AUTO_INCREMENT,
  `room_id` int(255) NOT NULL,
  `day1` date NOT NULL,
  `day2` date NOT NULL,
  `order_time` date NOT NULL,
  `sum` double NOT NULL,
  `customer_name` varchar(50) CHARACTER SET utf8 NOT NULL,
  `customer_type` varchar(50) CHARACTER SET utf8 NOT NULL,
  `cid` int(255) NOT NULL,
  `telphone` varchar(50) CHARACTER SET utf8 NOT NULL,
  `money` double NOT NULL,
  `operator_id` int(11) NOT NULL,
  `state` varchar(50) CHARACTER SET utf8 NOT NULL,
  PRIMARY KEY (`order_id`)
) ENGINE=InnoDB  DEFAULT CHARSET=latin1 AUTO_INCREMENT=164 ;

--
-- è½¬å­˜è¡¨ä¸­çš„æ•°æ® `order`
--

INSERT INTO `order` (`order_id`, `room_id`, `day1`, `day2`, `order_time`, `sum`, `customer_name`, `customer_type`, `cid`, `telphone`, `money`, `operator_id`, `state`) VALUES
(12, 206, '2016-01-08', '2016-12-11', '2016-01-02', 345543, 'é™ˆæ¸¤', 'æ™®é€šå®¢æˆ·', 2147483647, '476728462', 23543, 0, 'é¢„è®¢'),
(13, 206, '2016-01-09', '2016-12-11', '2016-01-02', 345543, 'é™ˆæ¸¤', 'æ™®é€šå®¢æˆ·', 2147483647, '476728462', 23543, 0, 'é¢„è®¢'),
(14, 206, '2016-01-20', '2016-12-11', '2016-01-02', 345543, 'é™ˆæ¸¤', 'æ™®é€šå®¢æˆ·', 2147483647, '476728462', 23543, 0, 'é¢„è®¢'),
(15, 207, '2016-01-15', '2015-01-02', '2016-01-02', 160, 'å“ˆå“ˆå“ˆå“ˆ', 'VIP', 2147483647, '2147483647', 35, 0, 'é¢„è®¢'),
(16, 207, '2015-01-01', '2015-01-02', '2016-01-02', 160, 'å“ˆå“ˆå“ˆå“ˆ', 'VIP', 2147483647, '2147483647', 35, 0, 'é¢„è®¢'),
(17, 208, '2016-01-01', '2016-01-02', '2016-01-02', 160, 'å“ˆå“ˆå“ˆå“ˆ', 'VIP', 2147483647, '2147483647', 35, 0, 'é¢„è®¢'),
(139, 208, '2016-01-04', '2016-12-11', '2016-01-02', 3445345, 'é™ˆæ¸¤', 'æ™®é€šå®¢æˆ·', 2147483647, '2147483647', 23543, 0, 'é¢„è®¢'),
(140, 208, '2016-01-05', '2016-12-11', '2016-01-03', 0, 'é»„æ³½é’¦', 'VIP', 2147483647, '2147483647', 23543, 0, 'é¢„è®¢'),
(141, 101, '2016-01-02', '2016-12-11', '2016-01-03', 500, 'é™ˆæ¸¤', 'æ™®é€šå®¢æˆ·', 2147483647, '476728462', 156, 0, 'é¢„è®¢'),
(147, 206, '2016-01-04', '2016-01-05', '2016-01-05', 500, 'é»„æ³½é’¦', 'VIP', 2147483647, '2147483647', 250, 0, 'é¢„è®¢'),
(148, 206, '2016-01-04', '2016-01-05', '2016-01-05', 500, 'é™ˆæ¸¤', 'VIP', 2147483647, '2147483647', 250, 0, 'ç°åœºå…¥ä½'),
(149, 206, '2016-01-04', '2016-01-05', '2016-01-06', 345543, 'é»„æ³½é’¦', 'VIP', 2147483647, '2147483647', 250, 0, 'ç°åœºå…¥ä½'),
(154, 207, '2016-01-06', '2016-01-09', '2016-01-06', 635, 'é»„æ³½é’¦', 'VIP', 2147483647, '2354364', 256, 0, 'é¢„è®¢'),
(156, 208, '2016-01-07', '2016-01-09', '2016-01-06', 589, 'é»„çš“', 'æ™®é€šå®¢æˆ·', 0, '2147483647', 299, 0, 'é¢„è®¢'),
(163, 150, '2016-01-07', '0000-00-00', '2016-01-07', 200, 'å¹¿å‘åç¦', 'VIP', 2147483647, '2354364', 299, 0, 'é¢„è®¢');

-- --------------------------------------------------------

--
-- è¡¨çš„ç»“æ„ `pay`
--

CREATE TABLE IF NOT EXISTS `pay` (
  `Order_id` int(11) NOT NULL,
  `Order_times` time NOT NULL,
  `Order_money` int(11) NOT NULL,
  `Order_state` int(11) NOT NULL,
  `Order_time` date NOT NULL,
  `Order_address` varchar(30) DEFAULT NULL,
  `people_id` int(11) NOT NULL,
  PRIMARY KEY (`Order_id`)
) ENGINE=InnoDB DEFAULT CHARSET=utf8;

--
-- è½¬å­˜è¡¨ä¸­çš„æ•°æ® `pay`
--

INSERT INTO `pay` (`Order_id`, `Order_times`, `Order_money`, `Order_state`, `Order_time`, `Order_address`, `people_id`) VALUES
(1, '03:01:30', 69, 1, '2016-01-05', '12', 1),
(2, '04:01:52', 52, 2, '2016-01-05', '45', 1),
(3, '04:01:36', 52, 1, '2016-01-05', 'undefinedundefined', 1),
(4, '04:01:40', 52, 1, '2016-01-05', '45', 1),
(5, '04:01:03', 90, 1, '2016-01-05', 'c12  18819451333', 1),
(6, '04:01:01', 129, 1, '2016-01-05', '12', 1),
(7, '04:01:19', 64, 1, '2016-01-05', 'c12  144', 1),
(8, '03:01:42', 9, 1, '2016-01-06', '1', 1),
(9, '03:01:37', 9, 2, '2016-01-06', '1', 1),
(10, '03:01:58', 2, 1, '2016-01-06', '12', 1),
(11, '03:01:12', 8, 2, '2016-01-06', '12', 1),
(12, '03:01:27', 30, 1, '2016-01-06', '2', 1),
(13, '03:01:24', 9, 1, '2016-01-06', '34', 1),
(14, '03:01:45', 30, 1, '2016-01-06', '85', 1),
(15, '03:01:04', 8, 1, '2016-01-06', '12', 1),
(16, '03:01:37', 9, 1, '2016-01-06', '556', 1),
(17, '04:01:10', 9, 1, '2016-01-06', '1', 1),
(18, '08:01:19', 20, 2, '2016-01-06', '1398', 1),
(19, '04:01:35', 42, 2, '2016-01-07', '12', 1),
(20, '06:01:42', 6, 1, '2016-01-07', 'c1112345', 1),
(21, '06:01:55', 6, 1, '2016-01-07', 'c1112345', 1),
(22, '06:01:01', 54, 1, '2016-01-07', '1', 1),
(23, '06:01:50', 54, 1, '2016-01-07', '1', 1),
(24, '06:01:55', 60, 1, '2016-01-07', '233', 1),
(25, '06:01:49', 60, 1, '2016-01-07', '12', 1),
(26, '06:01:39', 150, 1, '2016-01-07', '5', 1),
(27, '07:01:05', 60, 1, '2016-01-07', '12', 1),
(28, '07:01:20', 40, 1, '2016-01-07', '12', 1),
(29, '07:01:37', 30, 1, '2016-01-07', '77', 1),
(30, '07:01:58', 30, 1, '2016-01-07', '12', 1),
(31, '07:01:12', 1, 1, '2016-01-07', '1234', 1),
(32, '08:01:51', 42, 1, '2016-01-07', '12', 1);

-- --------------------------------------------------------

--
-- è¡¨çš„ç»“æ„ `payments`
--

CREATE TABLE IF NOT EXISTS `payments` (
  `Sz_id` int(8) NOT NULL AUTO_INCREMENT,
  `Sz_rq` date NOT NULL,
  `Sz_bm` varchar(20) NOT NULL,
  `Sz_je` float NOT NULL,
  PRIMARY KEY (`Sz_id`)
) ENGINE=InnoDB  DEFAULT CHARSET=utf8 AUTO_INCREMENT=87 ;

--
-- è½¬å­˜è¡¨ä¸­çš„æ•°æ® `payments`
--

INSERT INTO `payments` (`Sz_id`, `Sz_rq`, `Sz_bm`, `Sz_je`) VALUES
(3, '2016-01-07', 'é¤é¥®éƒ¨', 400),
(4, '2016-01-07', 'é¤é¥®éƒ¨', -150),
(43, '2016-01-07', 'åå‹¤éƒ¨', -144),
(46, '2016-01-07', 'åå‹¤éƒ¨', -2025),
(48, '2016-01-07', 'åå‹¤éƒ¨', -121),
(49, '2016-01-07', 'åå‹¤éƒ¨', -252),
(50, '2016-01-07', 'åå‹¤éƒ¨', -1156),
(52, '2016-01-07', 'åå‹¤éƒ¨', -200),
(53, '2016-01-07', 'åå‹¤éƒ¨', -80),
(54, '2016-01-07', 'åå‹¤éƒ¨', -50),
(55, '2016-01-07', 'åå‹¤éƒ¨', -400),
(56, '2016-01-07', 'åå‹¤éƒ¨', -200),
(57, '2016-01-07', 'åå‹¤éƒ¨', -270),
(58, '2016-01-07', 'åå‹¤éƒ¨', -100),
(60, '2016-01-07', 'è´¢åŠ¡éƒ¨', -50),
(61, '2016-01-07', 'é¤é¥®éƒ¨', 42),
(62, '2016-01-07', 'å®¢æˆ¿éƒ¨', 550),
(63, '2016-01-07', 'å®¢æˆ¿éƒ¨', 550),
(64, '2016-01-07', 'å®¢æˆ¿éƒ¨', 100),
(65, '2016-01-07', 'å®¢æˆ¿éƒ¨', -2343),
(66, '2016-01-07', 'å®¢æˆ¿éƒ¨', -2343),
(67, '2016-01-07', 'å®¢æˆ¿éƒ¨', -456),
(68, '2016-01-07', 'å®¢æˆ¿éƒ¨', -160),
(69, '2016-01-07', 'å®¢æˆ¿éƒ¨', -500),
(70, '2016-01-07', 'é¤é¥®éƒ¨', 6),
(71, '2016-01-07', 'é¤é¥®éƒ¨', 6),
(72, '2016-01-07', 'é¤é¥®éƒ¨', 54),
(73, '2016-01-07', 'é¤é¥®éƒ¨', 54),
(74, '2016-01-07', 'é¤é¥®éƒ¨', 60),
(75, '2016-01-07', 'é¤é¥®éƒ¨', 60),
(76, '2016-01-07', 'é¤é¥®éƒ¨', 150),
(77, '2016-01-07', 'é¤é¥®éƒ¨', 60),
(78, '2016-01-07', 'é¤é¥®éƒ¨', 40),
(79, '2016-01-07', 'é¤é¥®éƒ¨', 30),
(80, '2016-01-07', 'é¤é¥®éƒ¨', 30),
(81, '2016-01-07', 'é¤é¥®éƒ¨', 1),
(82, '2016-01-07', 'å®¢æˆ¿éƒ¨', 200),
(83, '2016-01-07', 'å®¢æˆ¿éƒ¨', -160),
(84, '2016-01-07', 'åå‹¤éƒ¨', -736),
(85, '2016-01-07', 'é¤é¥®éƒ¨', -50),
(86, '2016-01-07', 'é¤é¥®éƒ¨', 42);

-- --------------------------------------------------------

--
-- è¡¨çš„ç»“æ„ `room`
--

CREATE TABLE IF NOT EXISTS `room` (
  `room_id` int(11) NOT NULL AUTO_INCREMENT,
  `room_type` varchar(50) NOT NULL,
  `islived` int(11) NOT NULL,
  `isordered` int(11) NOT NULL,
  `isfree` int(11) NOT NULL,
  `price` double NOT NULL,
  PRIMARY KEY (`room_id`)
) ENGINE=InnoDB  DEFAULT CHARSET=utf8 AUTO_INCREMENT=557 ;

--
-- è½¬å­˜è¡¨ä¸­çš„æ•°æ® `room`
--

INSERT INTO `room` (`room_id`, `room_type`, `islived`, `isordered`, `isfree`, `price`) VALUES
(150, 'å¤§åºŠæˆ¿', 0, 1, 1, 520),
(152, 'å¥—æˆ¿', 0, 1, 1, 100),
(207, 'åŒåºŠæˆ¿', 0, 0, 1, 200),
(208, 'å¥—æˆ¿', 0, 1, 1, 300),
(305, 'å¤§åºŠæˆ¿', 1, 1, 0, 400),
(306, 'å¤§åºŠæˆ¿', 1, 1, 0, 400),
(307, 'å¤§åºŠæˆ¿', 0, 1, 1, 400),
(308, 'å¤§åºŠæˆ¿', 1, 1, 0, 400),
(309, 'å¤§åºŠæˆ¿', 1, 1, 0, 400),
(410, 'å¤§åºŠæˆ¿', 1, 1, 0, 400),
(411, 'å¤§åºŠæˆ¿', 0, 1, 1, 400),
(556, 'åŒåºŠæˆ¿', 0, 0, 1, 599);

-- --------------------------------------------------------

--
-- è¡¨çš„ç»“æ„ `supplier`
--

CREATE TABLE IF NOT EXISTS `supplier` (
  `Supplier_id` int(5) NOT NULL AUTO_INCREMENT,
  `Supplier_name` varchar(20) NOT NULL,
  `Supplier_pricipal` varchar(10) NOT NULL,
  `Supplier_address` varchar(50) NOT NULL,
  `Supplier_phone` varchar(15) NOT NULL,
  PRIMARY KEY (`Supplier_id`)
) ENGINE=InnoDB  DEFAULT CHARSET=utf8 AUTO_INCREMENT=29 ;

--
-- è½¬å­˜è¡¨ä¸­çš„æ•°æ® `supplier`
--

INSERT INTO `supplier` (`Supplier_id`, `Supplier_name`, `Supplier_pricipal`, `Supplier_address`, `Supplier_phone`) VALUES
(25, 'ä¾›åº”å•†1å·', 'ç”²', 'å¤§å­¦åŸåå·¥', '18819451540'),
(26, 'ä¾›åº”å•†2å·', 'ä¹™', 'å¤§å­¦åŸä¸­å¤§', '18842441546'),
(27, 'ä¾›åº”å•†3å·', 'ä¸™', 'å¤§å­¦åŸå¹¿å·¥', '1884926514'),
(28, 'ä¾›åº”å•†4å·', 'ä¸', 'å¤§å­¦åŸå¹¿å¤–', '18848616621');

--
-- é™åˆ¶å¯¼å‡ºçš„è¡¨
--

--
-- é™åˆ¶è¡¨ `item`
--
ALTER TABLE `item`
  ADD CONSTRAINT `item_ibfk_1` FOREIGN KEY (`Supplier_id`) REFERENCES `supplier` (`Supplier_id`);

--
-- é™åˆ¶è¡¨ `note_in`
--
ALTER TABLE `note_in`
  ADD CONSTRAINT `note_in_ibfk_1` FOREIGN KEY (`Item_id`) REFERENCES `item` (`Item_id`);

--
-- é™åˆ¶è¡¨ `note_out`
--
ALTER TABLE `note_out`
  ADD CONSTRAINT `note_out_ibfk_1` FOREIGN KEY (`Item_id`) REFERENCES `item` (`Item_id`);

/*!40101 SET CHARACTER_SET_CLIENT=@OLD_CHARACTER_SET_CLIENT */;
/*!40101 SET CHARACTER_SET_RESULTS=@OLD_CHARACTER_SET_RESULTS */;
/*!40101 SET COLLATION_CONNECTION=@OLD_COLLATION_CONNECTION */;
